SHIPMENT_NUMBER,SHIPPING_REGION_IDENTIFIER,SHIPPING_REGION_CODE,SHIPPING_REGION_NAME,SHIPPING_UNIT_MEASURE,SHIPPING_PACK_QUANTITY
20171129,1,F,FLORIDA,EA,1
20190626,1,F,FLORIDA,EA,1
20180910,1,F,FLORIDA,EA,1
20200513,1,F,FLORIDA,EA,1
20190128,1,F,FLORIDA,EA,1
20190501,1,F,FLORIDA,EA,1
20180912,1,F,FLORIDA,EA,1
20180627,1,F,FLORIDA,EA,1
20200406,1,F,FLORIDA,EA,1
20200528,1,F,FLORIDA,EA,1
20200503,1,F,FLORIDA,EA,1
20190923,1,F,FLORIDA,EA,1
20191028,1,F,FLORIDA,EA,1
20180625,2,O,OHIO,CS,12
20191022,2,O,OHIO,CS,12
20200812,4,T,TEXAS,CS,2
20200727,4,T,TEXAS,CS,6
20200718,2,O,OHIO,CS,4
20181012,5,M,MISSOURI,CS,12
20191206,2,O,OHIO,CS,6
20191202,1,F,FLORIDA,CS,2
20200717,4,T,TEXAS,CS,5
20200318,5,M,MISSOURI,CS,12
20190222,2,O,OHIO,CS,12
20200416,5,M,MISSOURI,CS,6
20201119,5,M,MISSOURI,CS,12
20200419,2,O,OHIO,CS,12
20200304,4,T,TEXAS,CS,6
20200506,4,T,TEXAS,CS,12
20200712,5,M,MISSOURI,CS,6
20180219,1,F,FLORIDA,CS,6
20180725,1,F,FLORIDA,CS,12
20200409,1,F,FLORIDA,CS,6
20200626,4,T,TEXAS,CS,6
20180424,1,F,FLORIDA,CS,8
20200820,5,M,MISSOURI,CS,12
20180406,1,F,FLORIDA,CS,12
20200206,5,M,MISSOURI,CS,6
20200323,4,T,TEXAS,CS,12
20201013,4,T,TEXAS,CS,6
20181107,4,T,TEXAS,CS,12
20200608,2,O,OHIO,CS,9
20200702,4,T,TEXAS,CS,6
20181123,4,T,TEXAS,CS,12
20200806,4,T,TEXAS,CS,6
20171201,5,M,MISSOURI,CS,12
20191125,2,O,OHIO,CS,12
20181105,2,O,OHIO,CS,12
20190803,1,F,FLORIDA,CS,3
20180807,4,T,TEXAS,CS,28
20191025,2,O,OHIO,CS,6
20180603,1,F,FLORIDA,CS,3
20191229,2,O,OHIO,CS,35
20200106,5,M,MISSOURI,CS,6
20180523,5,M,MISSOURI,CS,28
20200810,2,O,OHIO,CS,4
20200408,1,F,FLORIDA,CS,3
20190522,1,F,FLORIDA,CS,4
20180818,4,T,TEXAS,CS,28
20181126,2,O,OHIO,CS,4
20191223,1,F,FLORIDA,CS,4
20180418,1,F,FLORIDA,CS,4
20200401,1,F,FLORIDA,CS,4
20180309,4,T,TEXAS,CS,1
20200723,2,O,OHIO,CS,3
20200319,2,O,OHIO,CS,6
20190706,1,F,FLORIDA,CS,4
20171101,2,O,OHIO,CS,4
20191208,2,O,OHIO,CS,4
20200430,4,T,TEXAS,CS,6
20181130,1,F,FLORIDA,CS,6
20200915,1,F,FLORIDA,EA,1
20191128,1,F,FLORIDA,RL,1
20180918,1,F,FLORIDA,PK,5
20190212,1,F,FLORIDA,CG,1
20190205,1,F,FLORIDA,CG,1
20200207,1,F,FLORIDA,CG,1
20190416,1,F,FLORIDA,PK,5
20200102,1,F,FLORIDA,PK,5
20190902,1,F,FLORIDA,BX,1
20200131,1,F,FLORIDA,CG,1
20190419,1,F,FLORIDA,CG,1
20190319,1,F,FLORIDA,BX,1
20200519,1,F,FLORIDA,RL,1
20181025,1,F,FLORIDA,EA,1
20201027,1,F,FLORIDA,BX,1
20190924,4,T,TEXAS,CS,9
20190915,1,F,FLORIDA,CS,9
20200123,1,F,FLORIDA,PK,12
20191024,1,F,FLORIDA,BO,1
20190424,4,T,TEXAS,CS,6
20191211,1,F,FLORIDA,CS,12
20190117,4,T,TEXAS,CS,12
20180405,1,F,FLORIDA,CS,24
20180629,4,T,TEXAS,CS,24
20180829,1,F,FLORIDA,CS,12
20190508,2,O,OHIO,CS,18
20171217,4,T,TEXAS,CS,12
20200201,2,O,OHIO,CS,18
20180710,5,M,MISSOURI,CS,24
20181212,4,T,TEXAS,CS,12
20181214,2,O,OHIO,CS,18
20200305,4,T,TEXAS,CS,24
20200610,1,F,FLORIDA,DS,16
20190221,2,O,OHIO,CS,15
20180302,2,O,OHIO,CS,15
20180927,2,O,OHIO,CS,15
20190819,2,O,OHIO,CS,10
20190415,2,O,OHIO,CS,15
20200321,2,O,OHIO,CS,15
20190201,2,O,OHIO,CS,15
20190116,2,O,OHIO,CS,10
20181124,2,O,OHIO,CS,15
20180112,2,O,OHIO,CS,12
20190627,2,O,OHIO,CS,10
20200618,2,O,OHIO,CS,15
20180722,1,F,FLORIDA,CT,3
20180530,1,F,FLORIDA,CT,6
20180709,1,F,FLORIDA,EA,1
20180209,1,F,FLORIDA,EA,1
20181022,5,M,MISSOURI,CS,8
20190527,4,T,TEXAS,CS,8
20200818,2,O,OHIO,CS,8
20180606,2,O,OHIO,CS,8
20200218,4,T,TEXAS,CS,8
20180211,2,O,OHIO,CS,100
20200730,2,O,OHIO,CS,10
20180128,1,F,FLORIDA,BA,10
20190425,1,F,FLORIDA,CS,10
20190608,4,T,TEXAS,CS,18
20190320,1,F,FLORIDA,CS,16
20200923,2,O,OHIO,CS,22
20200202,2,O,OHIO,BA,10
20191220,1,F,FLORIDA,CS,22
20191212,2,O,OHIO,CS,22
20190118,2,O,OHIO,BG,16
20200904,2,O,OHIO,BA,5
20171214,1,F,FLORIDA,BA,10
20180630,1,F,FLORIDA,CS,10
20171220,1,F,FLORIDA,CS,12
20180916,2,O,OHIO,BG,12
20180508,1,F,FLORIDA,CS,22
20200121,2,O,OHIO,CS,22
20190414,5,M,MISSOURI,CS,50
20190418,2,O,OHIO,CS,20
20180628,4,T,TEXAS,CS,8
20171103,5,M,MISSOURI,CS,12
20200616,5,M,MISSOURI,CS,8
20200224,4,T,TEXAS,CS,8
20190103,4,T,TEXAS,CS,10
20191120,4,T,TEXAS,CS,24
20200115,4,T,TEXAS,CS,8
20181231,4,T,TEXAS,CS,16
20181219,5,M,MISSOURI,CS,14
20200705,4,T,TEXAS,CS,8
20180613,5,M,MISSOURI,CS,8
20180216,4,T,TEXAS,CS,16
20190318,4,T,TEXAS,CS,8
20200124,5,M,MISSOURI,CS,8
20190812,4,T,TEXAS,CS,16
20200709,5,M,MISSOURI,CS,24
20190516,5,M,MISSOURI,CS,24
20171108,4,T,TEXAS,CS,8
20191105,4,T,TEXAS,CS,24
20200715,4,T,TEXAS,CS,12
20201130,4,T,TEXAS,CS,8
20200826,4,T,TEXAS,CS,8
20191009,4,T,TEXAS,CS,8
20180221,4,T,TEXAS,CS,8
20190828,5,M,MISSOURI,CS,8
20200415,5,M,MISSOURI,CS,12
20201001,5,M,MISSOURI,CS,8
20190115,4,T,TEXAS,CS,12
20200112,4,T,TEXAS,CS,8
20201123,4,T,TEXAS,CS,8
20180426,4,T,TEXAS,CS,10
20181001,4,T,TEXAS,CS,4
20201121,2,O,OHIO,CS,4
20201022,2,O,OHIO,CS,4
20200625,2,O,OHIO,CS,4
20180820,4,T,TEXAS,CS,4
20190211,2,O,OHIO,CS,4
20180802,4,T,TEXAS,CS,4
20171231,1,F,FLORIDA,CS,4
20200502,4,T,TEXAS,CS,4
20180619,1,F,FLORIDA,CS,4
20191026,2,O,OHIO,CS,8
20200703,2,O,OHIO,CS,4
20190502,4,T,TEXAS,CS,4
20190623,1,F,FLORIDA,CS,4
20181005,1,F,FLORIDA,CS,4
20200813,4,T,TEXAS,CS,4
20190530,4,T,TEXAS,CS,8
20200223,5,M,MISSOURI,CS,4
20180626,1,F,FLORIDA,CS,4
20181115,4,T,TEXAS,CS,4
20190131,5,M,MISSOURI,CS,8
20201012,2,O,OHIO,CS,4
20200909,2,O,OHIO,CS,4
20190701,2,O,OHIO,CS,6
20200527,2,O,OHIO,CS,4
20180331,5,M,MISSOURI,CS,8
20200311,2,O,OHIO,CS,8
20190922,4,T,TEXAS,CS,4
20190611,5,M,MISSOURI,CS,4
20200529,5,M,MISSOURI,CS,4
20181109,5,M,MISSOURI,CS,4
20190707,4,T,TEXAS,CS,4
20191017,5,M,MISSOURI,CS,4
20200831,2,O,OHIO,CS,4
20200117,2,O,OHIO,CS,16
20200811,2,O,OHIO,CS,14
20181228,2,O,OHIO,CS,8
20181024,1,F,FLORIDA,CS,8
20200324,2,O,OHIO,CS,24
20180326,2,O,OHIO,CS,24
20171230,2,O,OHIO,CS,4
20190427,1,F,FLORIDA,CS,6
20190403,1,F,FLORIDA,CS,8
20200402,2,O,OHIO,CS,24
20190524,1,F,FLORIDA,CS,24
20200329,2,O,OHIO,CS,24
20200520,2,O,OHIO,CS,24
20200203,2,O,OHIO,CS,16
20190609,1,F,FLORIDA,CS,6
20191127,1,F,FLORIDA,CS,8
20171227,1,F,FLORIDA,CS,12
20200603,2,O,OHIO,CS,10
20190330,2,O,OHIO,CS,24
20190421,1,F,FLORIDA,CS,6
20171207,1,F,FLORIDA,CS,10
20180130,1,F,FLORIDA,CS,12
20180312,1,F,FLORIDA,CS,6
20180506,2,O,OHIO,CS,8
20191004,1,F,FLORIDA,CS,8
20180605,2,O,OHIO,CS,8
20200601,2,O,OHIO,CS,12
20180126,1,F,FLORIDA,CS,12
20190507,1,F,FLORIDA,CS,6
20200314,2,O,OHIO,CS,24
20201115,4,T,TEXAS,CS,12
20201112,2,O,OHIO,CS,24
20190308,1,F,FLORIDA,CS,24
20181015,4,T,TEXAS,CS,24
20171128,2,O,OHIO,CS,24
20200420,2,O,OHIO,CS,24
20180712,2,O,OHIO,CS,24
20190422,2,O,OHIO,CS,24
20180518,2,O,OHIO,CS,24
20180705,2,O,OHIO,CS,24
20200422,2,O,OHIO,CS,24
20191204,2,O,OHIO,CS,12
20200303,2,O,OHIO,CS,24
20190904,1,F,FLORIDA,CS,12
20190529,2,O,OHIO,CS,12
20190606,2,O,OHIO,CS,12
20200623,5,M,MISSOURI,CS,12
20181023,4,T,TEXAS,CS,12
20180507,4,T,TEXAS,CS,12
20200713,2,O,OHIO,CS,12
20180314,5,M,MISSOURI,CS,12
20190930,1,F,FLORIDA,EA,1
20171205,1,F,FLORIDA,CS,11
20200105,2,O,OHIO,BA,5
20180913,4,T,TEXAS,BA,10
20181114,4,T,TEXAS,BA,5
20171113,2,O,OHIO,CS,11
20181205,4,T,TEXAS,BA,5
20191013,1,F,FLORIDA,BA,10
20190112,1,F,FLORIDA,BA,10
20180905,4,T,TEXAS,CS,24
20190215,1,F,FLORIDA,CS,6
20191014,1,F,FLORIDA,EA,1
20201021,1,F,FLORIDA,EA,1
20190515,1,F,FLORIDA,CT,6
20200219,4,T,TEXAS,DS,240
20200515,1,F,FLORIDA,CS,1
20200320,2,O,OHIO,CS,6
20180715,1,F,FLORIDA,CS,12
20180131,1,F,FLORIDA,CS,6
20180529,4,T,TEXAS,CS,6
20190628,1,F,FLORIDA,CS,12
20200109,1,F,FLORIDA,CS,12
20191230,4,T,TEXAS,CS,6
20180202,1,F,FLORIDA,CS,6
20180614,1,F,FLORIDA,CS,20
20180228,1,F,FLORIDA,CS,24
20181004,5,M,MISSOURI,CS,12
20181029,5,M,MISSOURI,CS,8
20190104,5,M,MISSOURI,CS,8
20190228,5,M,MISSOURI,CS,8
20200827,4,T,TEXAS,BX,1
20191203,1,F,FLORIDA,CS,12
20190129,1,F,FLORIDA,CS,70
20190909,4,T,TEXAS,CS,70
20180122,2,O,OHIO,CS,12
20200807,5,M,MISSOURI,CS,12
20190620,1,F,FLORIDA,CS,12
20190913,4,T,TEXAS,CS,36
20180227,4,T,TEXAS,CS,12
20190916,1,F,FLORIDA,CS,36
20181031,4,T,TEXAS,CS,12
20180109,2,O,OHIO,CS,70
20180801,1,F,FLORIDA,CS,16
20180503,4,T,TEXAS,CS,8
20200809,4,T,TEXAS,CS,12
20190107,4,T,TEXAS,CS,8
20190716,4,T,TEXAS,CS,12
20190717,5,M,MISSOURI,CS,12
20171218,4,T,TEXAS,CS,12
20190712,4,T,TEXAS,CS,12
20180114,4,T,TEXAS,CS,12
20200306,4,T,TEXAS,CS,12
20181121,5,M,MISSOURI,CS,12
20190908,1,F,FLORIDA,PK,24
20191111,1,F,FLORIDA,PK,12
20180925,1,F,FLORIDA,EA,1
20200501,1,F,FLORIDA,EA,1
20171110,5,M,MISSOURI,CS,6
20180510,1,F,FLORIDA,CS,6
20190618,4,T,TEXAS,EA,1
20201107,2,O,OHIO,CS,1
20190523,1,F,FLORIDA,PK,3
20181102,2,O,OHIO,CS,24
20171208,1,F,FLORIDA,CS,6
20180527,4,T,TEXAS,CS,8
20190219,1,F,FLORIDA,CS,8
20190325,2,O,OHIO,CS,8
20171116,4,T,TEXAS,CS,8
20190316,2,O,OHIO,CS,8
20190328,4,T,TEXAS,CS,8
20180113,4,T,TEXAS,CS,24
20190213,2,O,OHIO,CS,24
20190226,4,T,TEXAS,CS,6
20181207,4,T,TEXAS,CS,8
20181128,2,O,OHIO,CS,8
20200903,5,M,MISSOURI,CS,1
20171215,5,M,MISSOURI,CS,12
20180425,5,M,MISSOURI,CS,12
20181221,5,M,MISSOURI,CS,12
20190721,5,M,MISSOURI,CS,8
20200129,5,M,MISSOURI,CS,1
20180929,5,M,MISSOURI,CS,12
20200922,5,M,MISSOURI,CS,12
20180320,5,M,MISSOURI,CS,12
20201104,4,T,TEXAS,CS,12
20191001,1,F,FLORIDA,CS,12
20200804,4,T,TEXAS,CS,24
20200204,4,T,TEXAS,CS,12
20180101,2,O,OHIO,CS,12
20190919,1,F,FLORIDA,CS,12
20200418,2,O,OHIO,CS,12
20190610,4,T,TEXAS,CS,48
20200628,4,T,TEXAS,CS,12
20180315,4,T,TEXAS,CS,12
20180828,4,T,TEXAS,CS,1
20200908,2,O,OHIO,CS,12
20201116,2,O,OHIO,CS,24
20190123,4,T,TEXAS,CS,6
20190125,2,O,OHIO,CS,24
20190326,1,F,FLORIDA,CS,12
20201029,2,O,OHIO,CS,12
20200310,4,T,TEXAS,CS,24
20190927,4,T,TEXAS,CS,12
20180928,1,F,FLORIDA,CS,12
20191209,1,F,FLORIDA,CS,12
20200212,2,O,OHIO,CS,12
20180917,2,O,OHIO,CS,12
20171112,1,F,FLORIDA,CS,12
20200630,4,T,TEXAS,CS,12
20190214,1,F,FLORIDA,CS,24
20180208,1,F,FLORIDA,CS,24
20200526,2,O,OHIO,CS,12
20190617,1,F,FLORIDA,CS,1
20190920,4,T,TEXAS,CS,12
20180327,2,O,OHIO,CS,24
20180924,4,T,TEXAS,CS,12
20200916,2,O,OHIO,CS,12
20200504,2,O,OHIO,CS,12
20171102,1,F,FLORIDA,CS,24
20180329,4,T,TEXAS,CS,18
20181002,4,T,TEXAS,CS,12
20171211,4,T,TEXAS,CS,12
20180624,4,T,TEXAS,CS,24
20180427,2,O,OHIO,CS,24
20200326,2,O,OHIO,CS,24
20200108,1,F,FLORIDA,CS,24
20190601,2,O,OHIO,CS,8
20180608,4,T,TEXAS,CS,12
20200127,2,O,OHIO,CS,24
20200719,4,T,TEXAS,CS,12
20180301,2,O,OHIO,CS,24
20201128,4,T,TEXAS,CS,12
20190406,2,O,OHIO,CS,12
20171221,4,T,TEXAS,CS,12
20200928,2,O,OHIO,CS,8
20180730,2,O,OHIO,CS,48
20180325,4,T,TEXAS,CS,12
20180611,4,T,TEXAS,CS,24
20190811,4,T,TEXAS,CS,12
20201101,4,T,TEXAS,CS,18
20200317,1,F,FLORIDA,CS,24
20180330,4,T,TEXAS,CS,24
20180220,4,T,TEXAS,CS,24
20201103,4,T,TEXAS,CS,12
20180108,1,F,FLORIDA,CS,12
20190409,1,F,FLORIDA,CS,12
20190312,4,T,TEXAS,CS,24
20180517,2,O,OHIO,CS,12
20190204,4,T,TEXAS,CS,24
20201108,2,O,OHIO,CS,24
20200417,4,T,TEXAS,CS,24
20190815,4,T,TEXAS,CS,12
20200825,4,T,TEXAS,CS,1
20200107,5,M,MISSOURI,CS,1
20190321,4,T,TEXAS,CS,1
20190911,2,O,OHIO,CS,10
20190404,5,M,MISSOURI,CS,8
20201113,4,T,TEXAS,CS,10
20180815,2,O,OHIO,CS,10
20190827,4,T,TEXAS,CS,10
20190804,2,O,OHIO,CS,10
20200609,1,F,FLORIDA,EA,1
20200322,1,F,FLORIDA,CS,12
20181008,1,F,FLORIDA,PK,6
20191031,1,F,FLORIDA,PK,6
20200921,1,F,FLORIDA,CG,1
20190209,1,F,FLORIDA,PK,6
20181204,1,F,FLORIDA,PK,3
20171219,1,F,FLORIDA,CG,1
20200614,1,F,FLORIDA,CS,12
20191118,1,F,FLORIDA,CT,6
20180125,1,F,FLORIDA,CS,6
20181113,1,F,FLORIDA,CS,8
20180417,1,F,FLORIDA,CS,6
20200706,1,F,FLORIDA,CS,12
20201106,1,F,FLORIDA,CS,12
20181129,1,F,FLORIDA,CS,12
20200423,2,O,OHIO,CS,20
20181016,2,O,OHIO,CS,10
20191231,4,T,TEXAS,CS,24
20180403,1,F,FLORIDA,CS,24
20190307,4,T,TEXAS,CS,24
20190708,4,T,TEXAS,CS,36
20200510,4,T,TEXAS,CS,24
20180123,1,F,FLORIDA,CS,12
20191221,4,T,TEXAS,CS,12
20191010,4,T,TEXAS,CS,20
20190926,2,O,OHIO,CS,4
20180528,1,F,FLORIDA,CS,4
20180129,2,O,OHIO,CS,6
20200216,1,F,FLORIDA,CS,6
20191102,1,F,FLORIDA,CS,4
20191217,1,F,FLORIDA,CS,4
20190503,2,O,OHIO,CS,6
20190510,1,F,FLORIDA,CS,4
20180413,1,F,FLORIDA,CS,4
20200309,2,O,OHIO,CS,4
20190314,2,O,OHIO,CS,12
20200330,2,O,OHIO,CS,12
20190109,4,T,TEXAS,CS,12
20181009,2,O,OHIO,CS,12
20180121,5,M,MISSOURI,CS,6
20200118,1,F,FLORIDA,CS,12
20200328,4,T,TEXAS,CS,8
20201018,4,T,TEXAS,CS,12
20190728,1,F,FLORIDA,CS,12
20200428,5,M,MISSOURI,CS,18
20190504,1,F,FLORIDA,CS,18
20171106,4,T,TEXAS,CS,12
20200611,4,T,TEXAS,CS,18
20180930,4,T,TEXAS,CS,20
20190208,4,T,TEXAS,CS,18
20180205,2,O,OHIO,CS,12
20181027,2,O,OHIO,CS,20
20190216,4,T,TEXAS,CS,12
20190613,1,F,FLORIDA,CS,12
20180225,1,F,FLORIDA,CS,18
20200722,5,M,MISSOURI,CS,18
20190912,2,O,OHIO,CS,10
20181030,2,O,OHIO,CS,6
20190710,1,F,FLORIDA,CS,18
20190809,4,T,TEXAS,CS,5
20180718,1,F,FLORIDA,CS,8
20181213,1,F,FLORIDA,CS,8
20201102,1,F,FLORIDA,CS,8
20180521,5,M,MISSOURI,CS,12
20200901,1,F,FLORIDA,EA,1
20190506,2,O,OHIO,CS,4
20180107,2,O,OHIO,CS,3
20180702,5,M,MISSOURI,CS,12
20191114,5,M,MISSOURI,CS,12
20190324,4,T,TEXAS,CS,12
20190305,5,M,MISSOURI,CS,4
20180830,4,T,TEXAS,CS,4
20180316,5,M,MISSOURI,CS,4
20190825,5,M,MISSOURI,CS,4
20180803,4,T,TEXAS,CS,2
20171224,1,F,FLORIDA,CS,12
20181224,1,F,FLORIDA,CS,12
20180409,1,F,FLORIDA,CS,6
20191015,1,F,FLORIDA,EA,1
20200114,4,T,TEXAS,CS,2
20201003,2,O,OHIO,CS,12
20181111,2,O,OHIO,CS,12
20200412,2,O,OHIO,CS,12
20201007,4,T,TEXAS,CS,12
20190521,1,F,FLORIDA,BX,12
20190918,1,F,FLORIDA,CT,12
20190719,1,F,FLORIDA,CS,6
20191103,1,F,FLORIDA,CT,12
20200624,1,F,FLORIDA,CS,6
20180720,1,F,FLORIDA,CS,12
20200930,5,M,MISSOURI,CS,12
20190405,2,O,OHIO,CS,6
20201009,2,O,OHIO,CS,12
20191023,4,T,TEXAS,CS,6
20200716,4,T,TEXAS,CS,6
20180515,4,T,TEXAS,CS,12
20180903,1,F,FLORIDA,CS,24
20191115,4,T,TEXAS,CS,12
20190225,4,T,TEXAS,CS,6
20200313,2,O,OHIO,CS,12
20201008,2,O,OHIO,CS,12
20190410,1,F,FLORIDA,CS,12
20200607,4,T,TEXAS,CS,6
20180511,4,T,TEXAS,CS,24
20190625,5,M,MISSOURI,CS,12
20200427,2,O,OHIO,CS,12
20200413,4,T,TEXAS,CS,12
20191002,4,T,TEXAS,CS,12
20201002,4,T,TEXAS,CS,24
20180430,1,F,FLORIDA,CS,12
20200615,4,T,TEXAS,CS,12
20190122,4,T,TEXAS,CS,12
20200410,2,O,OHIO,CS,12
20180731,2,O,OHIO,CS,12
20200331,2,O,OHIO,CS,12
20201118,5,M,MISSOURI,CS,12
20200508,4,T,TEXAS,CS,12
20190227,4,T,TEXAS,CS,12
20200424,4,T,TEXAS,CS,6
20201014,4,T,TEXAS,CS,24
20181013,5,M,MISSOURI,CS,12
20191113,1,F,FLORIDA,CS,8
20191016,1,F,FLORIDA,CS,6
20171206,1,F,FLORIDA,CS,6
20180621,1,F,FLORIDA,CS,12
20200924,2,O,OHIO,CS,12
20190805,2,O,OHIO,CS,12
20180817,1,F,FLORIDA,CS,12
20190731,5,M,MISSOURI,CS,6
20200414,5,M,MISSOURI,CS,12
20181014,1,F,FLORIDA,CS,6
20201016,2,O,OHIO,CS,12
20200612,4,T,TEXAS,CS,12
20180420,1,F,FLORIDA,CS,6
20200731,2,O,OHIO,CS,6
20171115,1,F,FLORIDA,CS,8
20180831,4,T,TEXAS,CS,12
20200927,4,T,TEXAS,CS,12
20181203,2,O,OHIO,CS,12
20181108,4,T,TEXAS,CS,12
20190113,4,T,TEXAS,CS,12
20200724,4,T,TEXAS,CS,12
20180111,2,O,OHIO,CS,12
20190513,4,T,TEXAS,CS,12
20180911,4,T,TEXAS,CS,12
20181103,1,F,FLORIDA,CS,12
20180520,4,T,TEXAS,CS,24
20191126,2,O,OHIO,CS,12
20171107,4,T,TEXAS,CS,12
20181019,5,M,MISSOURI,CS,12
20201030,2,O,OHIO,CS,6
20190411,2,O,OHIO,CS,6
20180531,5,M,MISSOURI,CS,12
20200714,2,O,OHIO,CS,12
20180706,2,O,OHIO,CS,12
20190323,4,T,TEXAS,CS,12
20180814,2,O,OHIO,CS,8
20180601,5,M,MISSOURI,CS,8
20200725,5,M,MISSOURI,CS,8
20181006,1,F,FLORIDA,CS,8
20190430,2,O,OHIO,BX,12
20180729,2,O,OHIO,CS,8
20180429,4,T,TEXAS,CS,8
20180117,1,F,FLORIDA,RL,1
20190709,1,F,FLORIDA,RL,1
20190310,1,F,FLORIDA,RL,1
20200518,5,M,MISSOURI,CS,24
20191030,1,F,FLORIDA,CS,24
20191130,5,M,MISSOURI,CS,24
20200522,5,M,MISSOURI,CS,24
20200729,4,T,TEXAS,CS,24
20171203,1,F,FLORIDA,CS,12
20190505,1,F,FLORIDA,CS,12
20191107,1,F,FLORIDA,CS,11
20181215,1,F,FLORIDA,CS,12
20200211,4,T,TEXAS,CS,12
20190531,5,M,MISSOURI,CS,12
20190813,2,O,OHIO,CS,12
20190624,2,O,OHIO,CS,12
20200823,4,T,TEXAS,CS,12
20200920,4,T,TEXAS,CS,12
20201117,4,T,TEXAS,CS,12
20201006,4,T,TEXAS,CS,12
20190313,2,O,OHIO,CS,12
20191218,1,F,FLORIDA,CS,12
20201005,4,T,TEXAS,CS,12
20191129,1,F,FLORIDA,CS,12
20180701,4,T,TEXAS,CS,12
20190720,1,F,FLORIDA,CS,12
20181118,4,T,TEXAS,CS,12
20190629,1,F,FLORIDA,CS,12
20190408,1,F,FLORIDA,CS,12
20180423,4,T,TEXAS,CS,12
20180115,1,F,FLORIDA,CS,12
20191119,1,F,FLORIDA,EA,1
20200505,1,F,FLORIDA,CS,4
20180902,1,F,FLORIDA,CS,15
20181010,1,F,FLORIDA,CS,12
20191108,4,T,TEXAS,BX,60
20190528,5,M,MISSOURI,PA,1
20180524,1,F,FLORIDA,CS,6
20191214,1,F,FLORIDA,BX,12
20180218,5,M,MISSOURI,CS,6
20180120,1,F,FLORIDA,CS,6
20200929,1,F,FLORIDA,CS,1
20180915,1,F,FLORIDA,CS,1
20180124,1,F,FLORIDA,CS,1
20180519,2,O,OHIO,CS,20
20190829,1,F,FLORIDA,CS,20
20180716,1,F,FLORIDA,CS,30
20171120,2,O,OHIO,CS,1
20191106,5,M,MISSOURI,CS,6
20180105,2,O,OHIO,CS,4
20200829,5,M,MISSOURI,CS,4
20190814,4,T,TEXAS,CS,6
20171123,4,T,TEXAS,CS,4
20201019,2,O,OHIO,CS,8
20200517,4,T,TEXAS,CS,4
20201129,4,T,TEXAS,CS,6
20180809,4,T,TEXAS,CS,22
20181210,4,T,TEXAS,CS,22
20171109,5,M,MISSOURI,CS,1
20180509,2,O,OHIO,CS,12
20200228,4,T,TEXAS,CS,12
20200316,5,M,MISSOURI,CS,12
20190202,2,O,OHIO,CS,12
20200821,4,T,TEXAS,CS,6
20190703,2,O,OHIO,CS,6
20180214,1,F,FLORIDA,CS,6
20191101,1,F,FLORIDA,CS,16
20200312,1,F,FLORIDA,CS,10
20180318,1,F,FLORIDA,CS,16
20190108,4,T,TEXAS,CS,12
20190818,4,T,TEXAS,BX,24
20200525,2,O,OHIO,CS,10
20190126,4,T,TEXAS,CS,6
20200822,5,M,MISSOURI,CS,6
20200906,4,T,TEXAS,CS,15
20200426,4,T,TEXAS,CS,12
20180222,2,O,OHIO,CS,4
20180810,4,T,TEXAS,CS,6
20200128,2,O,OHIO,CS,8
20200914,4,T,TEXAS,CS,8
20201028,4,T,TEXAS,CS,6
20190511,4,T,TEXAS,CS,12
20181106,4,T,TEXAS,CS,6
20200507,4,T,TEXAS,CS,10
20171212,1,F,FLORIDA,CS,24
20190304,1,F,FLORIDA,CS,12
20190525,1,F,FLORIDA,CS,12
20181028,1,F,FLORIDA,CS,12
20181227,5,M,MISSOURI,BX,12
20180324,5,M,MISSOURI,CS,4
20181125,1,F,FLORIDA,CS,6
20201026,1,F,FLORIDA,CS,8
20190509,1,F,FLORIDA,CS,12
20200817,4,T,TEXAS,CS,6
20190331,1,F,FLORIDA,CS,6
20181017,2,O,OHIO,RL,1
20190821,4,T,TEXAS,CS,6
20200918,4,T,TEXAS,CS,4
20200629,5,M,MISSOURI,CS,4
20200521,5,M,MISSOURI,CS,1
20200824,1,F,FLORIDA,CG,1
20190917,1,F,FLORIDA,CT,6
20180612,2,O,OHIO,CS,6
20171130,5,M,MISSOURI,CS,4
20180806,4,T,TEXAS,CT,10
20190111,4,T,TEXAS,CS,12
20200605,5,M,MISSOURI,CS,12
20180717,5,M,MISSOURI,CS,12
20180102,5,M,MISSOURI,CS,12
20180103,5,M,MISSOURI,CS,12
20200327,2,O,OHIO,CS,12
20171204,1,F,FLORIDA,CS,24
20190526,4,T,TEXAS,CS,24
20200308,1,F,FLORIDA,CS,6
20190301,2,O,OHIO,CS,24
20181018,4,T,TEXAS,CS,12
20180808,2,O,OHIO,CS,12
20180207,5,M,MISSOURI,CS,16
20171127,1,F,FLORIDA,CS,8
20190622,1,F,FLORIDA,BG,6
20180402,2,O,OHIO,EA,1
20191227,1,F,FLORIDA,CS,6
20190729,1,F,FLORIDA,CS,1
20190615,1,F,FLORIDA,CS,50
20171228,4,T,TEXAS,CS,8
20171119,1,F,FLORIDA,CS,8
20190124,4,T,TEXAS,CS,12
20190925,2,O,OHIO,CS,12
20180727,2,O,OHIO,CS,12
20200919,5,M,MISSOURI,CS,6
20180319,2,O,OHIO,CS,12
20201125,2,O,OHIO,CS,12
20200120,2,O,OHIO,CS,12
20200220,2,O,OHIO,CS,12
20200119,1,F,FLORIDA,CT,3
20200816,1,F,FLORIDA,BO,1
20180226,2,O,OHIO,CS,6
20190130,2,O,OHIO,CS,24
20190901,2,O,OHIO,CS,1
20190402,2,O,OHIO,CS,10
20200403,4,T,TEXAS,CS,12
20180501,2,O,OHIO,CS,24
20190518,1,F,FLORIDA,CS,12
20181217,2,O,OHIO,CS,24
20191019,4,T,TEXAS,CS,1
20180504,1,F,FLORIDA,CS,12
20171117,1,F,FLORIDA,CS,24
20200711,2,O,OHIO,CS,24
20180313,2,O,OHIO,CS,6
20190413,2,O,OHIO,CS,10
20180118,4,T,TEXAS,CS,18
20200205,2,O,OHIO,CS,12
20180714,2,O,OHIO,CS,6
20200103,1,F,FLORIDA,CS,12
20190722,5,M,MISSOURI,CS,10
20201114,4,T,TEXAS,CS,12
20180711,4,T,TEXAS,CS,24
20191215,1,F,FLORIDA,CS,4
20181101,4,T,TEXAS,CS,24
20180813,2,O,OHIO,CS,35
20190914,5,M,MISSOURI,CS,24
20180215,2,O,OHIO,CS,12
20200110,2,O,OHIO,CS,12
20181222,2,O,OHIO,CS,24
20190218,1,F,FLORIDA,CS,12
20191213,4,T,TEXAS,CS,12
20200524,2,O,OHIO,CS,24
20180827,4,T,TEXAS,CS,12
20200225,2,O,OHIO,CS,24
20200213,4,T,TEXAS,CS,6
20201023,2,O,OHIO,CS,12
20200512,2,O,OHIO,CS,6
20191109,1,F,FLORIDA,CS,12
20200302,4,T,TEXAS,CS,6
20190830,1,F,FLORIDA,CS,6
20181026,2,O,OHIO,CS,10
20191122,5,M,MISSOURI,CS,12
20200429,4,T,TEXAS,CS,10
20171124,4,T,TEXAS,CS,12
20180904,2,O,OHIO,CS,24
20181211,2,O,OHIO,CS,12
20171111,5,M,MISSOURI,CS,24
20200710,2,O,OHIO,CS,35
20180412,1,F,FLORIDA,CS,18
20180713,5,M,MISSOURI,CS,10
20190905,2,O,OHIO,CS,12
20190921,4,T,TEXAS,CS,24
20180623,1,F,FLORIDA,CS,10
20190306,4,T,TEXAS,CS,12
20191210,2,O,OHIO,CS,12
20200116,4,T,TEXAS,CS,12
20200925,4,T,TEXAS,CS,12
20191006,2,O,OHIO,CS,5
20180615,5,M,MISSOURI,CS,10
20200421,2,O,OHIO,CS,12
20190907,1,F,FLORIDA,CS,5
20180622,2,O,OHIO,CS,12
20180926,2,O,OHIO,CS,10
20200407,1,F,FLORIDA,CS,12
20200405,2,O,OHIO,CS,24
20181226,2,O,OHIO,CS,12
20200315,4,T,TEXAS,CS,12
20180821,4,T,TEXAS,CS,12
20190401,4,T,TEXAS,CS,24
20171114,4,T,TEXAS,CS,12
20180721,1,F,FLORIDA,CS,10
20200912,2,O,OHIO,CS,24
20200805,4,T,TEXAS,CS,24
20180416,5,M,MISSOURI,CS,4
20201020,4,T,TEXAS,BX,1
20180923,5,M,MISSOURI,CS,20
20200708,4,T,TEXAS,CS,24
20181208,5,M,MISSOURI,CS,12
20200301,4,T,TEXAS,CS,6
20190429,2,O,OHIO,CS,12
20180816,4,T,TEXAS,CS,24
20190317,2,O,OHIO,CS,6
20200530,4,T,TEXAS,CS,6
20190903,2,O,OHIO,CS,6
20200819,5,M,MISSOURI,CS,12
20191216,4,T,TEXAS,CS,24
20190806,4,T,TEXAS,CS,12
20190614,2,O,OHIO,CS,12
20200222,4,T,TEXAS,CS,10
20190329,2,O,OHIO,CS,10
20200721,5,M,MISSOURI,CS,12
20200209,2,O,OHIO,CS,12
20201105,5,M,MISSOURI,CS,12
20190802,5,M,MISSOURI,CS,4
20180922,5,M,MISSOURI,CS,5
20200802,5,M,MISSOURI,CS,12
20200214,5,M,MISSOURI,CS,12
20200911,2,O,OHIO,CS,6
20191110,2,O,OHIO,CS,10
20190619,2,O,OHIO,CS,6
20200910,2,O,OHIO,CS,12
20190417,1,F,FLORIDA,CS,12
20200604,4,T,TEXAS,CS,6
20190423,4,T,TEXAS,CS,6
20191018,2,O,OHIO,CS,6
20200606,5,M,MISSOURI,CS,6
20190604,2,O,OHIO,CS,12
20200814,2,O,OHIO,CS,12
20190603,1,F,FLORIDA,CS,10
20190723,4,T,TEXAS,CS,10
20191222,2,O,OHIO,CS,12
20190426,5,M,MISSOURI,CS,2
20180921,5,M,MISSOURI,CS,12
20200130,2,O,OHIO,CS,12
20190110,1,F,FLORIDA,CS,12
20190514,1,F,FLORIDA,CS,12
20190718,2,O,OHIO,CS,12
20201025,4,T,TEXAS,CS,12
20200113,2,O,OHIO,CS,12
20190824,1,F,FLORIDA,CS,12
20180306,2,O,OHIO,CS,12
20200226,2,O,OHIO,CS,4
20200913,4,T,TEXAS,CS,6
20180804,4,T,TEXAS,CS,6
20191201,1,F,FLORIDA,EA,1
20181112,1,F,FLORIDA,CT,4
20180323,1,F,FLORIDA,EA,1
20200619,2,O,OHIO,CS,10
20191124,1,F,FLORIDA,CS,12
20180321,1,F,FLORIDA,CS,18
20190704,4,T,TEXAS,CS,6
20190820,4,T,TEXAS,CS,12
20191219,5,M,MISSOURI,CS,12
20180719,2,O,OHIO,CS,12
20200325,2,O,OHIO,CT,6
20190705,4,T,TEXAS,CS,12
20180116,2,O,OHIO,CS,18
20200828,4,T,TEXAS,CS,6
20191205,5,M,MISSOURI,CS,12
20190826,4,T,TEXAS,CS,6
20190807,4,T,TEXAS,CS,6
20200726,4,T,TEXAS,CT,6
20171121,4,T,TEXAS,CT,6
20190822,2,O,OHIO,CS,18
20180525,5,M,MISSOURI,CS,6
20200720,1,F,FLORIDA,CT,3
20190303,2,O,OHIO,CS,6
20191008,2,O,OHIO,CS,18
20181003,1,F,FLORIDA,CS,6
20200907,2,O,OHIO,CS,12
20191104,4,T,TEXAS,CT,6
20191207,1,F,FLORIDA,CT,6
20181127,2,O,OHIO,CS,12
20190311,1,F,FLORIDA,EA,1
20201110,1,F,FLORIDA,EA,1
20180522,1,F,FLORIDA,BG,1
20190101,1,F,FLORIDA,CS,4
20180223,1,F,FLORIDA,CS,4
20201015,4,T,TEXAS,CS,12
20180210,4,T,TEXAS,CS,12
20200307,4,T,TEXAS,CS,12
20190715,2,O,OHIO,CS,12
20200622,5,M,MISSOURI,CS,24
20180724,2,O,OHIO,CS,12
20181104,4,T,TEXAS,CS,24
20180906,1,F,FLORIDA,CS,8
20180201,1,F,FLORIDA,CS,4
20200511,5,M,MISSOURI,CS,6
20201111,4,T,TEXAS,CS,6
20190801,5,M,MISSOURI,CS,9
20200509,5,M,MISSOURI,CS,9
20171226,4,T,TEXAS,CS,9
20190817,1,F,FLORIDA,CT,6
20190302,1,F,FLORIDA,CS,12
20180825,5,M,MISSOURI,CS,6
20180410,5,M,MISSOURI,PK,1
20200210,4,T,TEXAS,CS,6
20171104,5,M,MISSOURI,CS,5
20200627,4,T,TEXAS,CS,6
20181201,1,F,FLORIDA,CS,6
20190702,1,F,FLORIDA,EA,1
20200227,1,F,FLORIDA,CS,8
20200704,5,M,MISSOURI,CS,8
20181110,2,O,OHIO,CS,8
20190114,1,F,FLORIDA,EA,1
20200531,1,F,FLORIDA,EA,1
20181206,5,M,MISSOURI,CS,12
20200514,4,T,TEXAS,CS,8
20200617,1,F,FLORIDA,CS,6
20180514,5,M,MISSOURI,CS,1
20191224,5,M,MISSOURI,CS,12
20201126,1,F,FLORIDA,CS,6
20181202,2,O,OHIO,CS,12
20190929,1,F,FLORIDA,RL,1
20180607,1,F,FLORIDA,CS,12
20180404,1,F,FLORIDA,BO,1
20201120,1,F,FLORIDA,BO,1
20191228,4,T,TEXAS,CS,24
20180311,1,F,FLORIDA,CS,12
20180604,1,F,FLORIDA,CS,12
20180305,4,T,TEXAS,BA,6
20190127,4,T,TEXAS,BA,10
20190119,4,T,TEXAS,CS,10
20191029,2,O,OHIO,BA,6
20180819,1,F,FLORIDA,CS,12
20180419,4,T,TEXAS,CS,6
20171213,1,F,FLORIDA,CS,12
20200701,2,O,OHIO,CS,6
20190520,2,O,OHIO,CS,12
20191005,2,O,OHIO,CS,12
20181119,1,F,FLORIDA,EA,1
20191011,2,O,OHIO,CS,6
20180317,1,F,FLORIDA,CS,12
20180408,1,F,FLORIDA,BG,6
20180812,1,F,FLORIDA,CS,12
20180119,1,F,FLORIDA,BO,1
20190322,1,F,FLORIDA,EA,1
20180407,1,F,FLORIDA,CS,12
20200728,1,F,FLORIDA,RL,1
20191112,5,M,MISSOURI,BX,33
20190808,4,T,TEXAS,CS,6
20190605,2,O,OHIO,CS,6
20171216,1,F,FLORIDA,BG,1
20180526,1,F,FLORIDA,BG,1
20200803,1,F,FLORIDA,CS,4
20181116,1,F,FLORIDA,CT,12
20180308,1,F,FLORIDA,CS,6
20180805,2,O,OHIO,CS,4
20180127,5,M,MISSOURI,CS,4
20190517,2,O,OHIO,CS,4
20180618,4,T,TEXAS,CS,4
20180204,1,F,FLORIDA,CS,4
20190616,4,T,TEXAS,CS,12
20181011,4,T,TEXAS,CS,12
20181120,5,M,MISSOURI,CS,1
20191003,1,F,FLORIDA,CS,6
20180213,1,F,FLORIDA,EA,1
20190607,1,F,FLORIDA,CS,24
20191012,4,T,TEXAS,CS,6
20200221,5,M,MISSOURI,CS,24
20190206,4,T,TEXAS,CS,24
20180322,5,M,MISSOURI,CS,24
20190120,1,F,FLORIDA,CS,12
20201011,1,F,FLORIDA,EA,1
20181021,1,F,FLORIDA,EA,1
20201004,4,T,TEXAS,CS,12
20200902,5,M,MISSOURI,CS,12
20190831,5,M,MISSOURI,CS,7
20180411,5,M,MISSOURI,CS,12
20190412,1,F,FLORIDA,CS,12
20180106,4,T,TEXAS,CS,12
20180516,5,M,MISSOURI,CS,12
20181223,2,O,OHIO,CS,6
20181209,4,T,TEXAS,CS,6
20200126,4,T,TEXAS,CS,2
20180110,1,F,FLORIDA,CS,6
20200104,2,O,OHIO,CS,12
20180104,2,O,OHIO,CS,6
20200621,2,O,OHIO,CS,3
20190823,4,T,TEXAS,CS,8
20180328,2,O,OHIO,CS,6
20171122,4,T,TEXAS,CS,12
20190220,4,T,TEXAS,CS,5
20191226,4,T,TEXAS,CS,24
20180920,1,F,FLORIDA,CS,48
20190223,4,T,TEXAS,CS,6
20180726,1,F,FLORIDA,CS,8
20190816,2,O,OHIO,CS,6
20190121,5,M,MISSOURI,CS,50
20171209,1,F,FLORIDA,CS,12
20180703,1,F,FLORIDA,CS,12
20181007,1,F,FLORIDA,CS,92
20190714,1,F,FLORIDA,CS,12
20171222,1,F,FLORIDA,CS,11
20190102,2,O,OHIO,CS,16
20190906,4,T,TEXAS,BA,10
20201127,1,F,FLORIDA,EA,1
20180304,5,M,MISSOURI,CS,6
20200101,4,T,TEXAS,CS,6
20180415,2,O,OHIO,CS,6
20180609,1,F,FLORIDA,CS,12
20190407,4,T,TEXAS,CS,1
20200830,1,F,FLORIDA,EA,1
20190315,1,F,FLORIDA,CT,3
20181218,1,F,FLORIDA,CS,22
20180513,2,O,OHIO,CS,200
20180502,1,F,FLORIDA,CS,12
20180617,1,F,FLORIDA,CS,48
20180307,2,O,OHIO,PK,1
20200125,4,T,TEXAS,CS,12
20171125,5,M,MISSOURI,CS,8
20191007,2,O,OHIO,CS,24
20190612,1,F,FLORIDA,CS,8
20200602,4,T,TEXAS,CS,6
20190210,1,F,FLORIDA,CS,12
20180401,1,F,FLORIDA,CS,15
20191020,1,F,FLORIDA,CS,6
20190327,2,O,OHIO,CS,6
20200122,4,T,TEXAS,CS,12
20201124,4,T,TEXAS,CS,12
20200404,1,F,FLORIDA,CS,12
20180610,4,T,TEXAS,CS,24
20191117,2,O,OHIO,BX,24
20191027,1,F,FLORIDA,CS,250
20200217,1,F,FLORIDA,CS,1
20180224,1,F,FLORIDA,CS,12
20190420,1,F,FLORIDA,CS,12
20190224,1,F,FLORIDA,EA,1
20191021,1,F,FLORIDA,CS,6
20180505,1,F,FLORIDA,CS,12
20180822,4,T,TEXAS,CS,24
20180919,1,F,FLORIDA,CS,24
20190203,1,F,FLORIDA,CS,6
20200917,1,F,FLORIDA,CS,12
20190928,1,F,FLORIDA,CS,1
20201109,1,F,FLORIDA,PK,4
20200208,1,F,FLORIDA,CS,6
20180907,1,F,FLORIDA,CS,6
20180206,1,F,FLORIDA,CS,8
20191123,1,F,FLORIDA,EA,1
20190217,5,M,MISSOURI,BG,1
20180704,2,O,OHIO,CS,18
20180823,1,F,FLORIDA,EA,1
20180811,2,O,OHIO,CS,12
20190309,1,F,FLORIDA,CS,1
20180512,1,F,FLORIDA,CS,1
20190207,1,F,FLORIDA,CS,8
20200620,5,M,MISSOURI,BX,12
20180310,1,F,FLORIDA,BG,1
20180723,1,F,FLORIDA,CS,12
20201031,4,T,TEXAS,CS,12
20181220,4,T,TEXAS,CS,18
20181122,4,T,TEXAS,CS,5
20190621,2,O,OHIO,CS,24
20191121,5,M,MISSOURI,CS,13
20190725,4,T,TEXAS,CS,12
20190512,4,T,TEXAS,CS,6
20201122,4,T,TEXAS,CS,12
20190730,2,O,OHIO,PC,1
20180826,2,O,OHIO,CS,4
20180708,4,T,TEXAS,CS,12
20181216,1,F,FLORIDA,CS,12
20180602,1,F,FLORIDA,CS,24
20171223,4,T,TEXAS,CS,14
20200707,1,F,FLORIDA,EA,1
20190519,1,F,FLORIDA,CS,15
20180428,1,F,FLORIDA,CS,18
20171210,1,F,FLORIDA,CS,7
20200229,1,F,FLORIDA,CS,8
20180909,1,F,FLORIDA,CS,12
20190105,2,O,OHIO,CS,12
20191116,5,M,MISSOURI,CS,32
20200425,4,T,TEXAS,CS,12
20200111,4,T,TEXAS,CS,12
20201017,4,T,TEXAS,CS,9
20190428,1,F,FLORIDA,CS,12
20190713,2,O,OHIO,CS,12
20190602,4,T,TEXAS,CS,12
20180908,5,M,MISSOURI,CS,4
20190726,2,O,OHIO,CS,8
20171229,1,F,FLORIDA,CT,6
20200523,4,T,TEXAS,CS,6
20200815,4,T,TEXAS,CS,12
20180212,1,F,FLORIDA,EA,1
20200516,2,O,OHIO,CS,16
20201024,2,O,OHIO,CS,8
20180914,2,O,OHIO,CS,6
20180414,2,O,OHIO,CS,17
20190810,1,F,FLORIDA,CS,8
20201010,5,M,MISSOURI,CS,18
20200801,5,M,MISSOURI,CS,8
20181230,4,T,TEXAS,CS,5
20180422,1,F,FLORIDA,CS,6
20180421,1,F,FLORIDA,CS,12
20180616,5,M,MISSOURI,CS,18
20171118,5,M,MISSOURI,CS,12
20190910,2,O,OHIO,CS,12
20190724,1,F,FLORIDA,EA,1
20190711,2,O,OHIO,CS,6
20180303,1,F,FLORIDA,CS,12
20181020,1,F,FLORIDA,CS,12
20181229,4,T,TEXAS,CS,12
20180901,2,O,OHIO,CS,12
20190106,4,T,TEXAS,CS,12
20180620,5,M,MISSOURI,CS,12
20171105,1,F,FLORIDA,CS,6
20200613,2,O,OHIO,CS,12
20181117,2,O,OHIO,CS,8
20171202,4,T,TEXAS,CS,12
20180824,4,T,TEXAS,CS,6
20171126,5,M,MISSOURI,CS,12
20180203,1,F,FLORIDA,CS,6
20200215,1,F,FLORIDA,CT,3
20200808,4,T,TEXAS,CS,24
20190630,1,F,FLORIDA,EA,1
20180707,1,F,FLORIDA,CT,6
20200926,5,M,MISSOURI,CS,12
20200905,4,T,TEXAS,EA,1
20200411,5,M,MISSOURI,CS,4
20180728,4,T,TEXAS,CS,12
20190727,5,M,MISSOURI,CS,12
